Country Name,Country Code,Access to electricity (% of population),"Compulsory education, duration (years)","Employment to population ratio, 15+, total (%) (modeled ILO estimate)","GDP per capita, PPP (current international $)",Individuals using the Internet (% of population),"Industry (including construction), value added per worker (constant 2015 US$)","Inflation, GDP deflator (annual %)",Land area (sq. km),Merchandise exports by the reporting economy (current US$),Military expenditure (% of GDP),Net migration,Population ages 15-64 (% of total population),Proportion of seats held by women in national parliaments (%),Renewable energy consumption (% of total final energy consumption),Urban population (% of total population),"Vulnerable employment, total (% of total employment) (modeled ILO estimate)",happiness_score,social_support,healthy_life_expectancy_at_birth,freedom_to_make_life_choices,generosity,perceptions_of_corruption,positive_affect,negative_affect
Afghanistan,AFG,42.4,9.0,43.004,1333.7472666189688,1.84,3463.66886342685,2.096288750421252,652230.0,540065585.0,2.335545701939,215753.0,48.4650217036667,27.6859504132231,21.2,21.1241481349633,92.3506316077969,3724.0,451.0,50.5,718.0,168.0,882.0,414.0,258.0
Angola,AGO,38.5,6.0,64.775,7315.602330566665,1.9,51983.44947896312,19.427382503744184,1246700.0,62645765523.0,3.5731203806270697,100370.0,52.1529400233703,37.2727272727273,55.4,58.5851745819614,77.6124239019324,,,,,,,,
Albania,ALB,100.0,8.0,46.245,7927.817765287705,23.86,14443.607578427322,3.498639125057608,27400.0,1341821294.0,1.98486885667765,-50619.0,66.4557863939707,7.14285714285714,35.8,49.3850699230207,58.423704765182,,,,,,,,
United Arab Emirates,ARE,100.0,6.0,74.887,94628.26666075375,63.0,103508.47446838366,18.53335308492518,71020.0,178715647739.0,3.6680226492701,523207.0,81.5845266712198,22.5,0.1,82.9658963549658,0.318188339668984,,,,,,,,
Argentina,ARG,97.5,13.0,55.692,17276.757088680555,28.1126,36164.3166177845,23.1711649813124,2736690.0,68406210550.0,0.762756475390461,-12517.0,63.6641840911527,40.0,7.7,90.6521912139817,19.101684185786432,5961.0,892.0,66.06,678.0,-135.0,865.0,0.72,318.0
Armenia,ARM,99.2,10.0,50.108,7827.316667464942,6.21,15587.110731015153,5.989562360687344,28470.0,1050341947.0,3.3955793627065702,-29732.0,69.4318561887033,8.3969465648855,6.4,64.3840928379746,45.5559487862975,4652.0,709.0,64.32,462.0,-216.0,876.0,486.0,385.0
Australia,AUS,100.0,11.0,62.783,37616.0112400482,71.67,110446.36162494191,4.567706523871678,7682300.0,183081578469.0,1.79619704962465,275773.0,67.5103706198825,26.6666666666667,6.8,86.0253816967666,9.463789679973813,7254.0,947.0,70.04,916.0,302.0,431.0,729.0,218.0
Austria,AUT,100.0,9.0,57.153,41046.79003521116,72.87,95906.0924204029,1.9337907132068324,82520.0,181454428659.0,0.876420517647602,25405.0,67.4703488810414,27.3224043715847,29.7,67.0435560819078,11.277307401817373,7181.0,935.0,69.7,879.0,287.0,614.0,716.0,173.0
Azerbaijan,AZE,99.7,9.0,57.259,13216.843497443166,17.08,45376.71141640073,27.97103611420482,82627.0,47755223808.0,3.29121114577001,15047.0,70.4902809165326,11.3821138211382,3.1,53.063304901123,56.0017287622825,4817.0,684.0,61.14,601.0,-31.0,715.0,561.0,227.0
Burundi,BDI,4.8,,76.607,609.0429064618187,0.81,3186.8486661915304,24.16011378010805,25680.0,54344783.0,2.72089052653941,79319.0,52.4537903510343,30.5084745762712,95.0,10.1064353383035,87.0828494926995,3563.0,291.0,49.66,0.26,-18.0,0.86,415.0,253.0
Belgium,BEL,100.0,12.0,49.949,37883.33194178194,68.8573,81004.86781009157,1.908869373536291,30333.0,467736704205.0,1.22191451658895,66470.0,66.0426206784826,35.3333333333333,4.0,84.427037120012,11.15089523270562,7117.0,923.0,68.88,887.0,3.0,652.0,709.0,242.0
Benin,BEN,29.0,6.0,71.194,2215.3516385954167,1.85,1917.3676400427105,6.434152205780322,112760.0,376479830.0,0.663958979626467,3198.0,52.6819083474978,10.8433734939759,54.8,41.8029662723105,84.0668998460186,3667.0,382.0,52.48,709.0,-4.0,825.0,574.0,303.0
Burkina Faso,BFA,12.5,10.0,77.477,1351.3604156913304,0.92,2402.986572699305,9.159800437490745,273600.0,457568555.0,1.24291260830384,-40725.0,51.8582859601131,15.3153153153153,83.5,23.3633747838557,80.7978165965944,3846.0,727.0,50.32,612.0,-99.0,887.0,538.0,304.0
Bangladesh,BGD,54.3,5.0,55.705,2554.857882387191,2.5,2830.891190284676,7.860966093942622,130170.0,11723751210.0,0.938215291633285,-1158420.0,61.2236072332278,6.33333333333333,45.2,26.87206041368,63.1649650606653,5052.0,467.0,60.16,606.0,-57.0,802.0,545.0,232.0
Bulgaria,BGR,92.3,9.0,51.785,13429.67576826152,39.67,10230.702361493604,8.103456585001737,108610.0,22117097161.0,2.13186398257533,-17595.0,68.9477660778188,21.6666666666667,9.9,70.902099609375,7.733419506595,,,,,,,,
Bahrain,BHR,100.0,9.0,68.605,50330.32486225224,51.95,52274.5953377725,11.365091739546187,760.0,4435265205.0,2.80016136873791,47674.0,76.6298880133058,2.5,0.0,96.3461384245376,2.009494925467812,,,,,,,,
Bosnia and Herzegovina,BIH,99.3,9.0,39.35,8037.822731909336,34.66,8443.210800557106,7.337370642304819,51200.0,5050479246.0,1.2206120604463,-68140.0,69.6360990990729,11.9047619047619,14.3,45.1090576163352,23.58877103900771,,,,,,,,
Belarus,BLR,93.2,9.0,57.655,13886.131407256573,23.0,9963.98301820518,21.213536120444303,202902.0,32570712509.0,1.45349285157346,-495.0,70.6788956821645,31.8181818181818,7.1,73.5531692504883,9.57004451248077,5463.0,904.0,61.18,0.64,-223.0,696.0,,246.0
Belize,BLZ,86.1,8.0,56.426,9975.08124355363,26.3,18487.04529167174,3.5766332576710766,22810.0,294852828.0,1.07408006688025,2627.0,59.3558975100333,0.0,29.8,45.7599120745023,28.95506196447618,,,,,,,,
Bolivia,BOL,84.7,8.0,66.983,5889.943390819756,12.5,5992.795487113597,10.381181762674656,1083300.0,6858794079.0,2.19395160882894,-13418.0,59.4221213736977,16.9230769230769,21.3,65.5448299960338,65.4125948848405,5298.0,785.0,61.3,726.0,-93.0,801.0,723.0,392.0
Brazil,BRA,98.5,8.0,61.619,13445.245469844209,33.83,15632.727962979778,8.778552729858589,8358140.0,192199991859.0,1.44192408837717,-141056.0,68.0598093680495,8.96686159844054,47.0,83.8036050557184,26.46114699908976,6691.0,878.0,63.58,782.0,-81.0,688.0,718.0,265.0
Bhutan,BTN,67.6,,66.985,6035.217411478545,6.55,28904.73386877924,5.606180825058885,38117.0,522078459.0,,-1538.0,64.2535202443646,8.51063829787234,87.8,32.76371954591,70.0203718491226,,,,,,,,
Botswana,BWA,44.5,,51.717,13810.355526135994,6.25,56639.511313644114,9.37273025563468,566730.0,4945317110.0,3.0976203987662,4343.0,62.1060421170474,11.1111111111111,27.8,61.8321593704079,26.230495740053232,5451.0,832.0,49.72,858.0,-164.0,806.0,677.0,218.0
Central African Republic,CAF,7.5,10.0,68.602,797.6528061660773,1.0,,7.077070723614227,622980.0,112313530.0,1.54988099383057,-28983.0,52.5129011763258,10.4761904761905,93.6,38.3474489192338,79.21830889085871,,,,,,,,
Canada,CAN,100.0,10.0,63.041,40376.0882836384,76.7,93038.1119247093,3.996316464541664,8965590.0,456282579651.0,1.24551836677548,238083.0,69.4541838737891,22.0779220779221,21.6,80.6628944916604,10.361759379016055,7486.0,939.0,70.68,926.0,258.0,0.37,802.0,202.0
Switzerland,CHE,100.0,11.0,65.908,53808.78411270659,79.2,170761.20725576737,1.4499280492712217,39514.422,200272883027.0,0.722484412265189,94430.0,68.1595183707141,28.5,19.6,73.5482927401305,11.78814028612066,,,,,,,,
Chile,CHL,98.2,12.0,53.11,16375.964853601148,37.3,36576.109376663466,0.3111324987349633,743532.0,63869922461.0,2.5836522948610803,22488.0,67.9618306040719,15.0,30.8,86.8765769429469,20.28272537006112,5789.0,804.0,68.14,0.64,78.0,741.0,706.0,0.33
China,CHN,98.8,9.0,68.337,7712.846084250686,22.6,12376.726393361354,7.856586464632059,9388210.8,1428161358000.0,1.71604254580499,-764370.0,72.7779121303034,21.325744894543,14.1,46.9895057678223,42.013887418356,4846.0,748.0,66.18,853.0,-95.0,,705.0,147.0
Cote d'Ivoire,CIV,60.3,10.0,62.421,3115.8378918774533,1.9,7846.384276761666,5.3729334850033865,318000.0,9774552502.99999,1.1017046812579,-150037.0,51.9564314913448,8.86699507389163,74.2,46.3620274395029,79.6052882972561,,,,,,,,
Cameroon,CMR,50.6,6.0,77.304,2870.441068666053,3.4,7623.788376858443,4.9405368116780295,472710.0,2128093377.0,1.2555907411193,-10720.0,53.1100435707192,13.8888888888889,80.8,50.0858325268669,78.5622228316091,4292.0,697.0,48.72,0.58,-76.0,945.0,613.0,312.0
"Congo, Dem. Rep.",COD,11.6,6.0,67.334,584.0208103114721,0.44,4006.0896152278,24.623412494611458,2267050.0,4234070136.000001,0.697347863400989,-82339.0,50.8777891378616,8.4,97.0,38.5997245210844,81.3170045233249,,,,,,,,
"Congo, Rep.",COG,36.8,10.0,54.262,4448.332617142534,4.28751,14280.99920603452,16.269203427653608,341500.0,9127871774.0,1.79027941022784,1774.0,56.4831801493491,7.2992700729927,56.8,62.0354815675203,76.47639787008482,3.82,555.0,52.24,526.0,-122.0,,603.0,298.0
Colombia,COL,96.8,10.0,56.925,10307.064987885446,25.6,17694.505410070193,7.677382915182633,1109500.0,36344608990.0,3.73724698565115,-63313.0,65.8678880618973,8.43373493975904,30.8,76.4596761810047,43.57577899289624,6168.0,0.88,66.76,795.0,-45.0,763.0,768.0,307.0
Comoros,COM,57.8,6.0,40.724,2262.4985300029066,3.0,3802.465375756631,3.144289798653645,1861.0,4283795.0,,-3294.0,52.8479740412867,3.03030303030303,73.4,28.4193498063202,62.6145926619678,,,,,,,,
Costa Rica,CRI,99.3,11.0,57.904,12471.67231054331,32.29,28232.728584937868,11.423785785043664,51060.0,9459109826.999989,,3794.0,67.1614577790751,36.8421052631579,40.7,68.7925833934861,24.59061311581249,6851.0,916.0,68.88,912.0,89.0,816.0,838.0,233.0
Cuba,CUB,97.3,9.0,53.379,,12.94,19063.670220722408,-0.3445325668130863,106440.0,3934380093.0,,-29427.0,69.7627823612817,43.1596091205212,18.7,76.365461375763,9.792290884018518,,,,,,,,
Cyprus,CYP,100.0,10.0,61.286,32603.451171875,42.31,28878.16382358767,4.734624168949964,9240.0,1292694783.0,1.6297049444974498,11887.0,71.0925903266328,14.2857142857143,5.7,67.8666261318649,14.40039856632918,,,,,,,,
Czechia,CZE,100.0,9.0,55.843,27937.841568101976,62.97,30277.52405209745,2.02633115006401,77240.0,146906371465.0,1.23408817792114,29813.0,71.0094411002581,15.5,9.0,73.4655517409377,12.550167424193562,,,,,,,,
Germany,DEU,100.0,13.0,54.651,38443.53862789577,78.0,72586.2456119546,0.954758329559226,348630.0,1442141711744.0,1.1888700534429,-23341.0,65.8696443375807,32.1895424836601,10.2,80.2459549084581,7.001758702700742,6522.0,923.0,69.96,766.0,,758.0,672.0,0.22
Djibouti,DJI,57.4,10.0,24.66,,2.26,,,23180.0,57717063.0,2.62758252462798,2148.0,59.231954441051,13.8461538461538,33.1,70.6793730584341,33.58641054962866,5009.0,0.69,53.64,773.0,126.0,576.0,0.74,0.12
Denmark,DNK,100.0,9.0,62.807,41467.38618797774,85.02,98940.83052930053,4.254258831200474,40000.0,116316167423.0,1.34882681237568,25775.0,65.8982316949028,37.9888268156425,18.5,86.583137512207,6.68014800119571,7971.0,954.0,68.96,0.97,268.0,248.0,759.0,163.0
Dominican Republic,DOM,97.6,9.0,54.842,10345.808098275887,20.82,17949.787011884306,10.257606183013252,48310.0,6103640100.0,0.699861657175699,-36723.0,63.3772183183557,19.6629213483146,17.7,72.4865154265802,43.44490594105381,4842.0,0.85,64.88,848.0,-48.0,728.0,654.0,329.0
Algeria,DZA,99.3,10.0,38.26,13666.218196053427,10.18,22539.567901975995,15.117882165657475,2381740.0,79297104449.0,2.86740578765417,-2101.0,67.4449587946518,7.7120822622108,0.3,65.901485871159,29.10022176097565,,,,,,,,
Ecuador,ECU,97.2,10.0,63.943,8662.607362820745,18.8,20265.40278075161,15.094116008240334,248360.0,18335144316.0,2.6922066648737,-8799.0,62.2873884599545,25.0,15.3,62.5395521004212,42.7212946625026,5297.0,829.0,65.12,0.64,-98.0,801.0,811.0,283.0
"Egypt, Arab Rep.",EGY,99.8,9.0,43.501,8190.709131610002,18.01,17718.64050542854,12.203984463099644,995450.0,24464052969.0,2.1807854853701603,-192199.0,62.147484796431,1.80995475113122,5.9,42.9608989120873,19.14422827193963,4632.0,738.0,61.58,,-86.0,914.0,627.0,301.0
Spain,ESP,100.0,10.0,52.435,33349.94258061295,59.6,55408.12521700997,2.452043654103832,498800.0,269981599761.00003,1.3676204845066602,434135.0,68.8710842643333,36.2857142857143,9.7,78.0421438998777,12.735939254071337,7294.0,948.0,70.76,834.0,-154.0,683.0,649.0,0.26
Estonia,EST,100.0,9.0,57.821,22803.51947422729,70.58,22143.27157896405,6.795108970523671,42390.0,12343892564.0,1.76710636308365,-2034.0,67.6705253411554,20.7920792079208,20.5,67.6696980194394,6.976567474700496,5452.0,904.0,66.34,642.0,-221.0,663.0,595.0,218.0
Ethiopia,ETH,22.0,8.0,79.828,844.9883800186947,0.45,1242.7653572047095,30.31167307946842,1128568.3,1349874356.0,1.51584796368311,-20780.0,50.7168742168035,21.9281663516068,94.1,16.7936706542969,89.5838767830177,,,,,,,,
Finland,FIN,100.0,9.0,57.514,40081.22124820658,83.67,104348.9944891118,3.0375864160711075,303900.0,96767337761.0,1.39102532971688,15626.0,66.5664510536331,41.5,34.6,69.2943672196361,9.27240231057814,7671.0,951.0,69.16,934.0,23.0,217.0,691.0,144.0
France,FRA,100.0,10.0,51.986,35053.26270691158,70.68,70518.40760110521,2.300799187625387,538950.0,603940022872.0,1.89934504679172,79528.0,64.9922746331287,18.1975736568458,10.5,77.1561901569367,5.959056871417192,7008.0,935.0,71.0,833.0,-35.0,669.0,702.0,281.0
Gabon,GAB,82.0,10.0,39.282,13733.701286212228,7.5,116438.59215263747,20.478959040974143,257670.0,9558573086.0,,13441.0,57.7596714732372,16.6666666666667,87.3,85.2437672472316,33.65384615384618,,,,,,,,
United Kingdom,GBR,100.0,11.0,58.61,36744.7913584035,78.39,86415.52003933766,3.304705499313542,241930.0,455412076708.0,2.4871500848402,263390.0,66.1398742181397,19.5046439628483,2.4,80.7547673906116,10.525676632278351,6986.0,954.0,69.28,759.0,327.0,548.0,724.0,218.0
Georgia,GEO,100.0,9.0,55.824,7278.663121939927,10.01,13663.614606583536,9.5923273865413,69490.0,1495059847.0,8.520118395311261,-32463.0,67.1518959158458,6.0,36.3,54.2232719833673,59.4971888238702,4156.0,608.0,63.5,614.0,-227.0,498.0,371.0,262.0
Ghana,GHA,60.5,11.0,68.271,3515.5892352024293,4.27,5567.08995685918,19.41027108686835,227540.0,3809525960.0,0.294033500427925,30506.0,57.1001890066064,7.89473684210526,57.3,49.4708679942306,74.2334858734083,4965.0,622.0,53.42,838.0,118.0,863.0,674.0,172.0
Guinea,GIN,25.4,6.0,57.557,1613.6988451893635,0.92,8512.77735293377,16.705127019103287,245720.0,1774272819.0,,-32925.0,51.384200993861,,80.2,33.2571261188022,87.0487685711246,,,,,,,,
"Gambia, The",GMB,41.5,9.0,43.287,2088.271661290334,6.88,2188.8229263370795,2.4758458680372684,10120.0,12995838.0,1.09491765751865,-2204.0,52.273782464139,9.43396226415094,56.3,54.6431233516671,75.1804926796657,,,,,,,,
Greece,GRC,100.0,10.0,48.318,30440.97090590812,38.2,43134.12428186936,4.062888848906269,128900.0,30691865799.0,3.0237241292641803,27081.0,66.6538170703787,14.6666666666667,8.3,75.615079456679,27.03253260351879,,,,,,,,
Guatemala,GTM,81.9,16.0,59.573,6434.50703746094,8.3,10662.617482242424,9.407491822381402,107160.0,7651071823.0,0.468231102914397,-42624.0,55.6988775310592,12.0253164556962,66.5,50.1165894513633,37.89906128459586,6414.0,866.0,59.54,0.63,203.0,796.0,0.8,234.0
Guyana,GUY,79.1,6.0,50.291,8436.514384425427,18.2,13981.300640594678,9.554748586189916,196850.0,798589968.0,1.00888107540392,-13143.0,62.129202438622,30.0,32.6,26.8573671978542,31.27880572409122,,,,,,,,
"Hong Kong SAR, China",HKG,100.0,9.0,57.938,46830.23847982391,66.7,33944.66388242536,1.281483472372713,1050.0,362870939250.0,,25455.0,74.1403781124885,,0.1,100.0,6.596144431242655,5137.0,0.84,,922.0,292.0,274.0,575.0,237.0
Honduras,HND,76.4,9.0,57.696,3806.347063738429,9.6,7275.198798844856,7.790513639261405,111890.0,2826227537.0,0.953978556250972,-5039.0,57.7132703832108,23.4375,50.0,50.0312316063593,33.70915191042498,5.42,828.0,62.7,687.0,222.0,863.0,719.0,206.0
Croatia,HRV,100.0,8.0,48.553,19674.294496085346,44.24,25248.938882403952,5.529279652896221,55964.0,14063244522.0,1.82315444519083,6495.0,66.631569030071,20.9150326797386,24.1,55.3530687812969,13.86801772559202,,,,,,,,
Haiti,HTI,36.1,6.0,54.391,2724.459228266331,7.6,9094.148460654473,12.67493917142582,27560.0,611450125.0,,-27630.0,59.0870553069953,4.08163265306122,79.6,44.6847359532184,74.4893778268514,3846.0,679.0,17.36,465.0,217.0,812.0,573.0,256.0
Hungary,HUN,100.0,13.0,48.097,20708.7615120316,61.0,24721.044677310823,4.799981614742933,89610.0,108764377600.0,1.18049340457337,16166.0,68.9394226037689,11.139896373057,9.0,68.0976986078883,8.95036470118331,,,,,,,,
Indonesia,IDN,92.7,9.0,61.589,7569.25304691272,7.91748,13194.615149926663,18.14975124946756,1877519.0,136947647712.0,0.578945804493387,-81364.0,65.8777186568836,11.6363636363636,41.1,48.4644736032029,58.462170298162704,4815.0,675.0,60.76,596.0,162.0,968.0,675.0,239.0
India,IND,74.1,,52.2,3633.3678324071566,4.38,4242.698576943691,9.193969626372096,2973190.0,191514554527.0,2.63146078124112,-1020047.0,62.9374830161807,9.05730129390018,39.4,30.1438485921815,82.6359919103452,5146.0,684.0,56.58,756.0,-74.0,891.0,573.0,259.0
Ireland,IRL,100.0,10.0,61.473,44169.0943411644,65.34,143167.87380693146,-0.5045254706432729,68890.0,125157412989.0,0.5769878195315701,18979.0,68.7012002564869,13.2530120481928,4.2,61.3581903884996,13.187599146654971,7568.0,983.0,69.86,894.0,317.0,487.0,745.0,148.0
"Iran, Islamic Rep.",IRN,98.8,8.0,37.778,17548.673776134783,12.02,19093.825198167568,19.421980865943624,1628760.0,105394389813.0,2.6833419205563698,-12184.0,71.0436759092612,2.7972027972028,0.7,69.3790072996746,42.33232626335854,5129.0,633.0,64.72,601.0,42.0,868.0,541.0,345.0
Iraq,IRQ,97.9,6.0,38.049,11657.316870246152,1.0,30204.48377072322,30.17540867057,437370.0,59670159182.0,2.36775982414374,396792.0,55.2392699253018,25.4545454545455,1.1,68.8569818968574,32.8031224969631,4.59,744.0,60.94,386.0,-58.0,0.91,532.0,448.0
Iceland,ISL,100.0,10.0,74.165,43728.11405641231,91.0,91111.02847564244,12.184288152899398,100250.0,5381513517.0,,1138.0,67.5314040776091,33.3333333333333,74.0,93.0646442174216,11.06548357140172,6888.0,977.0,71.2,885.0,266.0,708.0,851.0,153.0
Israel,ISR,100.0,11.0,57.972,28083.83661359521,59.39,86216.79109435769,1.3592311720244368,21640.0,59227000000.0,6.23951148308826,7974.0,62.3417702529735,14.1666666666667,8.9,91.7292868898136,8.161412250908171,7261.0,859.0,71.24,663.0,136.0,898.0,635.0,349.0
Italy,ITA,100.0,12.0,45.632,35422.34243911126,44.53,66716.78747354104,2.404594968459037,295718.0,538934740751.0,1.53005124720846,422534.0,65.7691092145749,21.2698412698413,10.8,67.9071958431441,17.50397440903403,6.78,0.88,70.9,543.0,45.0,946.0,588.0,268.0
Jamaica,JAM,92.0,6.0,60.093,8951.506009459159,23.6,14026.147013798303,13.546809524237588,10830.0,2420076493.0,0.953354273523125,-16191.0,65.6942264269109,13.3333333333333,5.9,53.3674108497524,35.80684795945294,,,,,,,,
Jordan,JOR,100.0,10.0,34.483,8983.21332423459,23.0,22748.73984039888,23.624684425513493,88240.0,6113513481.0,5.99497156149729,767.0,59.6911442937533,6.36363636363636,2.7,80.1290966207551,10.82258291720593,4.93,766.0,66.34,,-131.0,709.0,656.0,331.0
Japan,JPN,100.0,9.0,57.748,35273.79115215602,75.4,75892.1261495921,-0.9115302883966478,364500.0,780843488024.0,0.907855045566342,142605.0,64.214111256134,9.375,4.4,89.2921563808851,10.25650081260158,5911.0,887.0,72.76,772.0,-141.0,816.0,705.0,191.0
Kazakhstan,KAZ,100.0,9.0,66.405,17278.47216811465,11.0,30379.70549951373,20.93653821178773,2699700.0,71012053903.0,1.15466850608291,-37796.0,68.05699927404,15.8878504672897,1.1,54.1287736358813,31.93671505424234,5886.0,839.0,59.2,727.0,-224.0,899.0,613.0,0.16
Kenya,KEN,30.3,8.0,71.448,2459.121745242129,5.2,5937.504274295913,15.151174964262635,569140.0,5170324162.0,1.61585029427424,29612.0,54.0128682976277,9.82142857142857,78.2,31.4230276259143,60.3162548955221,4015.0,827.0,52.46,0.62,-22.0,909.0,733.0,149.0
Kyrgyz Republic,KGZ,99.5,9.0,60.288,3031.4940705021545,15.7,2227.4701932487674,22.21598841137392,191800.0,1617251007.0,2.9048723907785403,-64404.0,64.3757313379951,25.5555555555556,22.0,35.2897130588983,34.8278755240514,4737.0,792.0,60.76,719.0,-102.0,923.0,594.0,147.0
Cambodia,KHM,26.4,,78.288,2768.792376176752,0.51,3638.923034770981,11.788432027930568,176520.0,4349304433.0,0.678731132114834,-50809.0,61.6740999977977,16.260162601626,74.1,19.6574509865325,57.72873071529629,4462.0,619.0,58.32,914.0,44.0,888.0,0.6,335.0
"Korea, Rep.",KOR,100.0,9.0,59.013,31211.05934694552,81.0,68648.51492112453,2.938951003820023,96990.0,416793767001.0,2.38850767922871,-19630.0,72.2358484516236,13.7123745819398,1.1,81.8350833138518,22.94783380539555,5.39,754.0,70.46,524.0,-106.0,771.0,554.0,239.0
Kuwait,KWT,100.0,9.0,66.748,90337.3567922745,42.0,,18.662942733791283,17820.0,5374911592.0,3.00607272121515,96268.0,74.5219967937941,3.07692307692308,0.0,100.0,0.8236253589796197,,,,,,,,
Lao PDR,LAO,66.0,5.0,60.37,3270.557510233501,3.55,16169.951141959364,8.863450637972207,230800.0,1446278471.0,0.273820907156906,-28318.0,58.3802910699338,25.2173913043478,69.3,29.4034348148069,83.4542142782035,5044.0,807.0,56.64,886.0,415.0,637.0,728.0,202.0
Lebanon,LBN,99.9,9.0,40.492,12415.940006427349,22.53,20428.34637434324,7.533283906250546,10230.0,3383235758.0,4.01624119377376,430.0,67.0112713737197,4.6875,5.1,87.2769743307677,21.164863824138617,4595.0,717.0,65.28,524.0,33.0,927.0,475.0,365.0
Liberia,LBR,1.3,6.0,75.408,915.0535997141794,0.53,1552.6854891794578,17.326345551449137,96320.0,18040913.0,0.292064439140811,17404.0,53.6015865989131,12.5,91.8,47.1080497871025,79.003322543107,4221.0,619.0,51.94,724.0,-35.0,0.84,629.0,261.0
Libya,LBY,85.1,9.0,38.793,30812.28372887026,9.0,121763.1909810732,23.709371496227163,1759540.0,44693257984.0,1.48985108130425,15260.0,65.7042016348512,7.69230769230769,2.9,88.1474456787109,16.91834800238695,,,,,,,,
Sri Lanka,LKA,82.9,9.0,50.945,7316.586265109508,,8808.202692445626,16.327016024828083,62710.0,7950419423.0,3.2436017840260303,-97144.0,67.3810281628462,5.77777777777778,61.6,16.2762363395441,44.1505016003952,4431.0,816.0,63.24,834.0,157.0,861.0,656.0,153.0
Lesotho,LSO,16.0,,57.308,2064.423112141937,3.58,4360.982621179253,16.719820413429815,30360.0,709878823.0,1.547920805645,-5392.0,58.8556147203681,25.0,55.0,25.1966303659683,34.653108807564195,,,,,,,,
Lithuania,LTU,99.4,10.0,52.537,19410.007759890344,55.22,25906.47420286748,9.71607892640327,62675.0,23715324089.0,1.13081118398085,-16482.0,67.5877967678715,17.7304964539007,18.3,66.7527770996094,10.78426894762101,5554.0,914.0,63.9,621.0,-263.0,961.0,501.0,276.0
Luxembourg,LUX,100.0,11.0,52.429,90970.72119801473,82.23,198517.64217236423,6.609964796233243,2574.46,25524040908.0,0.364912794964823,7969.0,67.9288247931197,23.3333333333333,4.0,87.6037664162874,4.068627450980394,,,,,,,,
Latvia,LVA,99.7,11.0,56.753,17443.391291098844,63.41,20654.44409707713,12.374398889651856,62227.0,10057643150.0,1.7043587604961,-22445.0,68.2326377943084,20.0,33.7,67.8420335208058,9.03404534107467,5145.0,855.0,63.7,0.63,-208.0,926.0,633.0,215.0
Morocco,MAR,84.1,9.0,45.749,6437.0634765625,33.1,11179.636409817183,4.8303863930625965,446300.0,18677288779.0,3.18350142755722,-78912.0,65.1890331774369,10.4615384615385,14.4,57.1254169272616,43.4775072884129,,,,,,,,
Moldova,MDA,99.1,9.0,58.338,6153.351521479814,23.39,7675.493748488575,9.244248825769802,32890.0,1588312099.0,0.6085356171256,-79593.0,71.0462801468129,21.7821782178218,4.9,39.3710708618164,49.75424774240538,5503.0,872.0,60.24,641.0,-58.0,926.0,565.0,284.0
Madagascar,MDG,18.3,5.0,83.578,1577.3383892861805,1.65,3626.7147225266704,7.48630027641002,581540.0,1240632202.0,0.962892092840992,-1255.0,52.7471689530419,7.8740157480315,86.4,27.31826536364,84.4461680958992,4.64,776.0,54.62,332.0,-99.0,773.0,583.0,215.0
Maldives,MDV,93.6,7.0,46.971,13778.819755455424,23.2,17966.39028086204,11.56860462437004,300.0,126363419.0,,6035.0,67.4188654549781,12.0,1.5,35.9335121678807,29.25394396665437,,,,,,,,
Mexico,MEX,98.9,11.0,58.289,15680.57618968812,21.71,33591.31493707075,6.310381619816667,1943950.0,290622868000.0,0.37317675556547,-50347.0,63.4037381061067,23.2,9.8,76.5090428271033,27.129398672686666,6829.0,876.0,64.82,677.0,-132.0,785.0,774.0,201.0
North Macedonia,MKD,99.2,9.0,36.141,10225.932101466104,46.04,8736.531233543736,5.491194036002739,25230.0,3978048598.0,1.74234086894233,-17645.0,68.7450080498968,31.6666666666667,15.6,57.9593566737547,22.89298340584505,,,,,,,,
Mali,MLI,23.4,9.0,69.354,1893.4951452843443,1.57,7378.538308956822,6.257483225155667,1220190.0,1242355645.0,1.46571486807421,-24509.0,50.3447393066595,10.2040816326531,75.0,22.1922849560871,82.4019290843523,4115.0,747.0,50.62,495.0,-12.0,918.0,717.0,164.0
Malta,MLT,100.0,11.0,46.747,24949.904791239704,50.08,33491.82900285682,3.372818102700137,320.0,2949082006.0,0.6133546396131869,869.0,70.2019719836074,8.69565217391304,0.2,94.0294765354989,10.46635899927131,,,,,,,,
Myanmar,MMR,50.6,5.0,65.274,2748.079213384909,0.22,2075.198181352855,13.618657947302054,653310.0,7736571892.0,,-180533.0,65.8184247381684,,85.6,28.8586544957208,66.35765559172751,,,,,,,,
Montenegro,MNE,99.0,9.0,39.997,12919.581934475284,32.9,18027.280401311888,7.923318335435113,13450.0,609372834.0,1.87218246206494,-3326.0,67.0527278028015,11.1111111111111,38.8,63.8414387962647,13.733122969472646,,,,,,,,
Mongolia,MNG,79.2,12.0,55.201,7296.580736716222,9.8,13568.431367423134,21.448753760998173,1557465.0869999998,2533921983.0,0.823306745414827,-17277.0,68.1495082036908,4.16666666666667,4.7,66.4693095486742,57.46233902101055,4493.0,0.92,56.96,484.0,65.0,962.0,514.0,173.0
Mozambique,MOZ,13.6,,80.798,916.155850233958,1.56,3968.498407554265,5.152804075093115,786380.0,2090128682.0,0.647887786238704,-102534.0,51.8147158288753,34.8,88.1,30.5625357695184,86.0393967865304,4654.0,756.0,45.66,514.0,3.0,864.0,611.0,0.28
Mauritania,MRT,30.0,9.0,40.054,3235.997821610364,1.87,14343.960824814008,10.716317144916829,1030700.0,1162930580.0,3.059333957503,-3860.0,52.6120558162153,22.1052631578947,35.8,43.5784901049073,55.0658411949685,4248.0,0.67,56.8,593.0,-0.02,841.0,747.0,176.0
Mauritius,MUS,99.0,11.0,54.124,14569.153120772837,21.81,13056.884765017048,5.4928112451287205,2030.0,2033151680.0,0.15595207103506,-2589.0,70.9616478442848,17.1428571428571,12.7,40.6154231740954,17.97098585089459,,,,,,,,
Malawi,MWI,7.8,8.0,73.601,1311.4499979198422,0.7,2718.812030223712,11.964667526918646,94280.0,879039044.0,0.593494429088422,-9264.0,49.9526112467662,12.9533678756477,80.4,15.3238029928378,62.22074842454038,,,,,,,,
Malaysia,MYS,99.0,6.0,58.922,19479.879959056405,55.8,28977.50859649481,10.388900399283571,328550.0,199405993156.0,1.8248437654994496,202481.0,65.9759832215085,10.8108108108108,3.0,69.5438130147565,23.97240751682897,5807.0,803.0,65.24,0.78,42.0,884.0,728.0,186.0
Namibia,NAM,42.4,7.0,43.993,8124.815178867486,5.329,33271.84367950017,10.961412407555954,823290.0,4705221097.0,3.1372615742466,-8775.0,59.1501893450888,26.9230769230769,32.5,39.8328120256318,33.26975888516608,,,,,,,,
Niger,NER,11.8,,78.176,1010.4318462116946,0.7,2764.1080875526795,10.129115720623131,1266700.0,748034638.0,0.73944643123804,-9847.0,48.5458306645308,12.3893805309735,86.1,16.2586706998252,84.5785288602147,4236.0,607.0,51.02,649.0,-55.0,749.0,689.0,194.0
Nigeria,NGA,50.3,9.0,78.514,5607.008401507576,8.0,10288.551510321196,7.921387202363931,910770.0,125262278927.0,0.489084134608938,-13646.0,52.7145113233087,6.98324022346369,85.7,50.0505212312351,70.4354624095343,4939.0,0.78,50.86,584.0,118.0,892.0,755.0,244.0
Nicaragua,NIC,77.5,7.0,59.046,4044.37612184283,5.3,5675.415495588698,16.19915216013345,120340.0,1477712116.0,0.502058376769716,-30675.0,60.509777206262,18.4782608695652,53.8,56.4638124507513,41.8055402687,5104.0,857.0,64.5,791.0,73.0,819.0,0.77,289.0
Netherlands,NLD,100.0,13.0,64.696,46714.3454301392,87.42,87367.5394840028,2.412266146686349,33760.0,631565988100.0,1.29710010302488,32406.0,67.3929422558835,41.3333333333333,3.9,85.6149582464487,10.860268747629163,7631.0,944.0,70.82,883.0,361.0,419.0,679.0,182.0
Norway,NOR,100.0,10.0,66.7,62072.75398549091,90.57,228754.8459716788,10.566383025003702,365244.0,171511472905.0,1.37033371660879,44002.0,66.2595024727874,36.094674556213,58.5,78.7541006020666,5.946866355310512,7632.0,936.0,69.8,947.0,12.0,503.0,763.0,155.0
Nepal,NPL,56.0,,36.667,1942.152996932997,1.73,1486.1586759400986,5.619854523821417,143350.0,877838724.0,1.3995740545118,-261540.0,58.0685309916396,33.1649831649832,90.5,56.9108061152324,82.084020314947,4441.0,818.0,59.78,618.0,0.28,0.9,589.0,153.0
New Zealand,NZL,100.0,10.0,65.136,29895.645166294937,72.03,72786.7206701044,2.7420110540568743,263310.0,29897695961.0,1.15276441116352,4804.0,66.3989878512111,33.6065573770492,26.1,85.9144723093505,14.182241125694173,7381.0,944.0,69.76,893.0,293.0,334.0,784.0,232.0
Oman,OMN,100.0,,55.375,52841.18895231431,20.0,117324.55423125558,32.64975163896503,309500.0,35095904365.0,4.96024822382651,9877.0,68.3206239108725,0.0,0.0,73.807772368029,4.615430838804468,,,,,,,,
Pakistan,PAK,81.4,12.0,49.872,3721.332935616219,7.0,4106.7634951146265,10.920467272077516,770880.0,20277515936.0,3.45937100362745,-140746.0,56.3996977653399,22.4852071005917,46.6,34.4460387735948,59.54604985655651,4414.0,373.0,53.98,335.0,95.0,848.0,533.0,321.0
Panama,PAN,86.3,11.0,61.954,14705.371431495469,33.82,24216.00046940982,7.476472549490438,74340.0,1092245222.0,,4568.0,64.3001432448874,16.6666666666667,23.4,64.8088713516952,27.27104484272557,6931.0,922.0,67.18,707.0,56.0,881.0,776.0,0.15
Peru,PER,84.7,12.0,75.07,8820.139010568488,30.57,18713.64105093248,1.1032762920285537,1280000.0,31022160012.0,1.24669488192926,-235307.0,63.0969832871508,29.1666666666667,33.7,76.2744879116779,53.6930190397192,5129.0,777.0,66.98,638.0,-69.0,896.0,701.0,354.0
Philippines,PHL,83.3,10.0,58.794,5144.335781882303,6.22,11134.159654321951,7.17921618315836,298170.0,48998220423.0,1.2503290879835398,-498480.0,60.438336859914,20.5020920502092,33.9,43.1547492407016,40.750073252378,4589.0,798.0,61.48,861.0,81.0,817.0,774.0,384.0
Poland,POL,99.8,10.0,50.724,18372.376454830013,53.13,20760.28687435385,3.934296264965795,306300.0,170869543239.0,1.7455570632484498,-42288.0,71.0686878811299,20.2173913043478,8.0,61.1258760375274,24.01154447008546,,,,,,,,
Portugal,PRT,100.0,9.0,57.319,26665.837295293903,44.13,29818.116190775072,1.7377248769634406,91470.0,56229782037.0,1.41594674624287,9478.0,66.6073919069435,28.2608695652174,23.2,60.3510029424595,16.452638703195202,5717.0,886.0,68.82,646.0,-221.0,933.0,667.0,309.0
Paraguay,PRY,96.7,9.0,66.243,9867.396953437416,14.27,20905.48113815639,12.22475505513718,397300.0,6368869766.0,0.683124275184385,-44679.0,61.4787532398035,12.5,65.8,59.2442256780564,42.73927995893281,5.57,889.0,65.04,649.0,48.0,891.0,798.0,259.0
West Bank and Gaza,PSE,99.8,10.0,30.354,3713.1321585764986,24.358,11461.833248485873,17.008355406453774,6020.0,558446035.0,,-23985.0,54.1882881625305,,20.1,83.0979098899913,31.03608154783212,4386.0,666.0,62015.0,358.0,-72.0,753.0,513.0,403.0
Qatar,QAT,100.0,9.0,85.827,126015.02432792843,44.3,86483.66483209933,22.89956468817236,11610.0,61180941198.0,2.01050092711317,165572.0,84.4341224236363,0.0,0.1,98.1295193937322,0.4699749384932124,,,,,,,,
Romania,ROU,96.5,10.0,48.018,15709.230851562235,32.42,20264.8394696448,16.01489217854602,229900.0,49606130792.0,1.39998436558161,-144368.0,68.8843729025633,11.377245508982,20.4,53.6297858153706,22.32116241745815,,,,,,,,
Russian Federation,RUS,98.3,9.0,58.668,20163.609375,32.0,18932.26507930009,18.01351833508423,16376870.0,465334120059.0,3.14948602002222,360840.0,71.6157714426859,14.0,3.3,73.4822463989258,5.521423947187215,5619.0,882.0,59.62,643.0,-309.0,924.0,0.57,166.0
Rwanda,RWA,6.0,6.0,54.06,1190.757579833205,4.5,3149.840032278192,14.45403256697628,24670.0,395361667.0,1.30649717514124,-31913.0,54.5454513001148,56.25,90.6,16.9170867063804,44.60336030903215,4363.0,486.0,54.7,752.0,18.0,286.0,633.0,221.0
Saudi Arabia,SAU,100.0,9.0,46.636,57236.05195682847,36.0,126180.34086219066,17.70288679299945,2149690.0,471373567062.0,7.35343646797829,491337.0,68.1290512628298,0.0,0.0,81.6441431042994,3.5177995285778803,6811.0,823.0,61.8,532.0,-22.0,508.0,607.0,202.0
Sudan,SDN,20.0,6.0,40.919,3937.52685546875,,8253.546820464151,8.89101661311409,,11643225006.0,4.97892177814511,-73188.0,52.4597661023437,18.058690744921,63.5,32.4816230749746,38.5266121027067,,,,,,,,
Senegal,SEN,49.7,11.0,47.615,2580.7194918021723,7.12,5549.200732742957,8.216542730741267,192530.0,1677203559.0,1.29196686871926,-67812.0,53.7929417802816,22.0,39.8,42.867747101036,66.7007723663536,4683.0,756.0,56.1,612.0,-34.0,879.0,669.0,252.0
Singapore,SGP,100.0,6.0,63.977,67735.34808520187,69.0,85526.51723652864,-1.3815554316942666,700.0,336566675677.0,3.8500267940320096,176182.0,77.742154195535,24.468085106383,0.5,100.0,9.983271917885345,6642.0,845.0,71.94,661.0,41.0,66.0,627.0,256.0
Sierra Leone,SLE,12.1,9.0,59.962,1824.244983675556,0.25,8004.365337067183,10.244885347800306,72180.0,29221183.0,0.603658478631646,1182.0,53.1871602098318,13.2231404958678,86.0,37.8725951588418,88.48258383839091,2997.0,591.0,47.04,716.0,147.0,925.0,588.0,0.37
El Salvador,SLV,91.0,9.0,57.342,6174.69155154574,10.08,9632.653050406476,3.502299096864192,20720.0,4639834982.0,0.961811831487238,-56086.0,59.9989567605441,16.6666666666667,31.5,63.6372503452723,37.442227022954704,5191.0,747.0,64.76,636.0,-82.0,735.0,827.0,232.0
"Somalia, Fed. Rep.",SOM,22.9,,28.041,739.2094693351037,1.14269,,2.059889885455874,627340.0,184937076.0,,-102035.0,48.6187958519376,8.203125,93.4,37.1754203605454,49.5539869431271,,,,,,,,
Serbia,SRB,99.6,8.0,45.575,12283.577483763687,35.6,15735.54625873803,9.498384859819282,87460.0,10970678464.0,2.05019989253683,7070.0,67.8416651697636,21.6,15.5,58.8944613226962,31.76411425668235,,,,,,,,
South Sudan,SSD,1.3,8.0,64.893,2887.3741593287828,,160911.68118262338,,,,5.76128903307145,165557.0,53.6784870158672,,,17.0301141193955,79.8830403536594,,,,,,,,
Suriname,SUR,94.7,6.0,47.082,12097.349116523395,21.06,33286.52892111361,15.521143220118232,160507.61,600617883.0,,-1255.0,63.6193323164177,25.4901960784314,26.2,66.5776961831642,17.858832245747003,,,,,,,,
Slovak Republic,SVK,100.0,10.0,53.545,23714.135357099065,66.05,23576.063100605814,2.9853625083059256,48100.0,71222617624.0,1.46010645649302,-495.0,72.1497129502862,19.3333333333333,7.6,54.895930446636,11.564843055091492,,,,,,,,
Slovenia,SVN,100.0,9.0,57.17,29460.94142435152,58.0,44324.904058157954,4.505014873551744,20146.2,34222152239.000004,1.50018334060673,2971.0,69.9275166406554,13.3333333333333,17.6,50.3620036820409,14.40928322985734,,,,,,,,
Sweden,SWE,100.0,9.0,59.883,41906.69901735424,90.0,113290.14798586344,3.361594756091037,407339.7,182825011836.0,1.17073406588482,56452.0,65.6280924955802,46.9914040114613,43.2,84.7517366727063,7.831282325664346,7516.0,923.0,71.12,912.0,122.0,314.0,763.0,134.0
Eswatini,SWZ,42.6,,37.605,6913.687327201843,6.85,18814.40838570417,10.302064891969891,17200.0,1128631388.0,1.9988203266787696,-9822.0,57.3261882092704,13.8461538461538,67.8,22.1692008829856,35.0311879613261,,,,,,,,
Syrian Arab Republic,SYR,91.3,9.0,38.825,,14.0,5659.018821392011,15.950125977090297,183640.0,57957105548.0,3.5523398057458,-402393.0,60.3716999612323,12.4,1.2,54.5858464394493,31.03517375844135,5323.0,712.0,68.62,661.0,119.0,0.68,562.0,338.0
Chad,TCD,5.9,10.0,64.566,2180.51680433217,1.19,18572.2792557885,11.36397059251692,1259200.0,3708019479.0,4.27645851757143,36446.0,48.9628295123631,5.16129032258065,79.8,21.7755796038887,90.8353423881989,4632.0,571.0,47.84,527.0,61.0,944.0,569.0,225.0
Togo,TGO,31.8,10.0,56.262,1429.3063649293065,2.4,3013.6178645570503,9.074232586870991,54390.0,685419426.0,1.72218624355757,14303.0,55.6972948801126,11.1111111111111,76.5,36.6808327233827,81.6641933300631,2808.0,291.0,51.12,287.0,-75.0,932.0,398.0,379.0
Thailand,THA,94.8,9.0,72.017,12062.15987518137,18.2,15640.782548366802,5.133780351599611,510890.0,174779687479.0,1.25266188719419,107333.0,70.9258780233115,11.6666666666667,22.6,41.8954507430475,54.6707750689738,5636.0,832.0,66.74,868.0,423.0,933.0,777.0,145.0
Tajikistan,TJK,98.6,9.0,42.367,2120.018457049278,8.78,5488.196627081802,28.1634875601911,139960.0,1483802317.0,1.02218713975002,-34855.0,59.3182331360107,17.4603174603175,54.6,26.5306015116451,29.0270039148294,5064.0,701.0,60.7,816.0,13.0,723.0,488.0,0.16
Turkmenistan,TKM,99.6,9.0,45.332,7915.547924209727,1.75,,59.74038554683716,469930.0,9833599614.99999,,6734.0,64.6917163592564,,0.1,46.8658106736347,34.9556307638715,,,,,,,,
Trinidad and Tobago,TTO,100.0,6.0,62.785,30807.284851992023,34.8,53704.77827443529,23.792521003188966,5130.0,18543932543.0,0.493375226495272,-3624.0,73.3959533833375,26.8292682926829,0.5,54.6761864235364,16.406351962295318,6696.0,858.0,62.54,838.0,87.0,959.0,802.0,184.0
Tunisia,TUN,99.4,9.0,41.002,9975.022321258988,27.53,,6.340324252297052,155360.0,18627480927.0,1.29062492574542,-17742.0,69.0153410414,22.7513227513228,14.6,66.0676053984361,22.51596926757831,,,,,,,,
Turkiye,TUR,99.7,8.0,41.745,16141.68880749249,34.37,25180.57740648987,12.00867680833477,769630.0,126507761871.0,2.18178699504167,47915.0,66.200153590565,9.10746812386157,12.5,66.513650890377,31.757293053186096,5118.0,645.0,66.58,415.0,-192.0,785.0,0.51,345.0
,,,,,,,,,,,,,,,,,,5548.0,0.83,69.14,642.0,-0.02,785.0,682.0,169.0
Tanzania,TZA,11.5,7.0,84.938,1908.37353515625,1.9,4678.900367915207,16.380754629426562,885800.0,3119622160.0,0.6982789897152379,-184816.0,52.1322480085377,30.4075235109718,90.3,26.7851328989335,87.5768212890047,4385.0,774.0,52.08,562.0,256.0,0.93,0.74,178.0
Uganda,UGA,15.9,7.0,71.425,1930.7086951781569,3.88,3166.638799828311,6.364276547792457,199810.0,1673641506.0,1.34734497189712,-158790.0,48.1034831797224,30.7228915662651,94.1,16.5070641943955,77.83134311662604,4569.0,813.0,50.42,578.0,-57.0,848.0,623.0,0.24
Ukraine,UKR,99.8,11.0,52.668,9323.72265625,11.0,5856.865671507623,29.02011440926572,579320.0,65462480025.0,2.67292227463357,9312.0,70.5490435217083,8.22222222222222,2.7,68.3752085755346,18.69726516204852,5172.0,0.86,61.56,487.0,-271.0,929.0,545.0,186.0
Uruguay,URY,98.8,14.0,58.869,15694.235411975977,39.3,40033.62564092383,8.902388578286846,175020.0,5227290086.0,1.86952468832085,-9458.0,63.1699991899285,12.1212121212121,44.1,93.45975578621,24.41362629684894,5664.0,879.0,66.94,808.0,-152.0,597.0,685.0,264.0
United States,USA,100.0,12.0,61.226,48570.05942696015,74.0,,1.926689190111631,9147420.0,1295319600000.0,4.44659552156261,1416841.0,67.6046849573474,17.0114942528736,6.8,80.6219682896606,4.074166552873612,7.28,953.0,66.74,878.0,0.25,668.0,774.0,227.0
Uzbekistan,UZB,99.5,11.0,52.214,4800.059143275529,9.08011,4402.74815934321,26.79158498281599,435967.0,9468960987.00001,,-24028.0,65.1682958883696,17.5,0.8,51.7943572998047,36.946654995434486,5311.0,894.0,61.82,831.0,-0.03,,647.0,187.0
"Venezuela, RB",VEN,98.9,14.0,60.279,21401.8429058296,25.88,,30.132452853435154,882050.0,81704610262.0,1.7935528517957398,-43636.0,63.9072655524605,18.562874251497,16.4,88.7615723567652,30.80722218045328,6258.0,922.0,65.38,678.0,-0.23,776.0,818.0,224.0
Viet Nam,VNM,93.8,9.0,74.159,4844.067047515462,23.92,6181.112304042036,22.67331617461062,312792.0,61263633512.0,2.1563729272725403,571113.0,68.2922872888026,25.7606490872211,39.3,29.2198330128693,63.173844109489,5.48,805.0,64.34,889.0,182.0,789.0,624.0,218.0
Kosovo,XKX,,,,6352.652319555201,,,,,223833382.0,0.0163027941392355,-32053.0,64.8857655628595,,,37.7783181358957,,5522.0,884.0,,,97.0,849.0,0.5,318.0
"Yemen, Rep.",YEM,58.4,9.0,35.346,3369.5462917039854,6.89,39704.482593641216,20.37774623576496,527970.0,7378630601.0,4.44582924481359,22621.0,52.5875867697281,0.332225913621262,0.7,29.9646637170333,41.575982240733296,,,,,,,,
South Africa,ZAF,81.9,9.0,43.286,12525.26302998111,8.43,19984.81782126108,7.850331728513311,1213090.0,72967411846.0,1.03941759302272,36869.0,64.8512391230071,33.0,9.7,61.7692983894896,10.197639413586534,5346.0,0.81,47.8,749.0,-104.0,866.0,712.0,206.0
Zambia,ZMB,25.7,7.0,54.47,2708.0081966910125,2.2,20261.499950400805,10.640244817069402,743390.0,5092170636.0,2.08008787697224,39249.0,51.4804907703702,15.1898734177215,89.8,38.9629632271162,82.84426930620491,4.73,624.0,48.08,717.0,54.0,0.89,707.0,206.0
Zimbabwe,ZWE,37.7,7.0,62.196,1986.908824599369,3.5,5115.8279237158895,1.3483904113533498,386850.0,1166269794.0,,-113858.0,54.5065399546475,15.2380952380952,81.6,32.6912786206175,67.96783690555162,3174.0,843.0,42.8,344.0,-73.0,964.0,571.0,0.25
